nom;groupe;type;description
"Qui sommes-nous";0;cards;"# Qui sommes-nous ?

Le Groupe de recherches interdisciplinaires sur les processus d'information et de communication (GRIPIC, UR nº 1498) est une unité de recherche autonome spécialisée dans les sciences de l’information et de la communication. Il entretient des liens étroits avec le CELSA, l'École des hautes études en science de l’information et de la communication de Sorbonne Université, dont il accueille les enseignants-chercheurs et enseignantes-chercheuses.

Le GRIPIC réunit aujourd’hui une centaine de chercheurs et chercheuses : membres permanents (des enseignants-chercheurs et enseignantes-chercheuses , des doctorants et doctorantes) ou associés (issus d’autres institutions). Au cœur des sciences de l’information et de la communication (71e section du Conseil national des universités), l’unité fédère des recherches autour de l’idée que les processus de communication sont structurés et structurants, et qu’il faut les analyser dans leurs dimensions sociales, sémiotiques, historiques et politiques. Son but est également de former à la recherche les jeunes chercheurs et chercheuses de l’École doctorale « [Concepts et langages](https://ed433.sorbonne-universite.fr) » (ED nº 433) de Sorbonne Université qui y entreprennent leur recherche doctorale en sciences de l’information et de la communication.

Les membres du GRIPIC travaillent dans le cadre de recherches individuelles et collectives, de contrats de recherche ou d'études avec des partenaires institutionnels publics ou privés. Engagés dans les instituts et les réseaux de Sorbonne Université, ils développent des travaux avec des collègues d’autres disciplines. Ils participent régulièrement à des colloques internationaux et interdisciplinaires, et y confrontent leurs points de vue avec leurs pairs. Par leurs publications et leurs partenariats avec des revues et des maisons d’édition, ils contribuent activement à l’avancée des sciences de l’information et de la communication. Par leurs liens avec les médias (interviews, réseaux sociaux, etc.), ils suscitent également l’intérêt pour la recherche savante et participent à la médiation des sciences.

La vie de l’équipe s'organise autour de rendez-vous tout au long de l’année : les séances du séminaire du GRIPIC (dit “le grand séminaire”) , celles des séminaires thématiques portés par ses membres , celles du séminaire doctoral consacré aux présentations des travaux des doctorants et doctorantes , et quelques “gripicales”, petits ateliers consacrés à la formation au métier d’enseignant-chercheur.

Important centre de recherches en communication, le GRIPIC accueille également des chercheurs étrangers en résidence (programme bilatéraux, programme PAUSE, etc.), et fait partie du réseau des quarante membres français de la Conférence permanente des directions de laboratoires en Sciences de l’information et de la communication (CPDirSIC, [https://cpdirsic.fr](https://cpdirsic.fr)).

---

### LE GRIPIC EN QUELQUES DATES

* **1965.** — Création d’un centre d’études et de recherches au CELSA
* **1968.** — Ouverture d’une formation de 3e cycle au CELSA
* **1975.** — Habilitation du CELSA à délivrer des doctorats en sciences de l’information et de la communication
* **1991.** — Le centre de recherches est labellisé « équipe d’accueil » par le Ministère de l’enseignement supérieur, de la recherche et des sports
* **1999.** — Création du GRIPIC, dirigé par Jean-Baptiste Carpentier
* **2000-2007.** — Yves Jeanneret (directeur)
* **2007-2012.** — Emmanuël Souchier (directeur)
* **2013-2014.** — Karine Berthelot-Guiet et Adeline Wrona (co-directrices)
* **2014-2018.** — Adeline Wrona et Pauline Escande Gauquié (directrice et directrice adjointe)
* **2019-2021.** — Joëlle Le Marec, Sophie Corbillé et Julien Tassel (directrice, directrice adjointe et directeur adjoint)
* **2021.** — Sophie Corbillé et Julien Tassel (co-directrice et co-directeur)
* **2022.** — Pascal Froissart et Sophie Corbillé (directeur et directrice adjointe)
* **2024.** — Nelly Quemener et Valérie Jeanne-Perrier (directrice et directrice adjointe)"


"Projet scientifique";0;cards;"# Projet scientifique

Le projet scientifique du GRIPIC est centré à la fois sur l’analyse des mutations contemporaines liées aux processus d’information et de communication et aux médiations, et sur une approche interdisciplinaire qui favorise le pluralisme méthodologique et l’attention aux questions épistémologiques.

## Analyser les mutations contemporaines liées aux processus d’information et de communication et aux médiations

Le GRIPIC se donne pour objectif de construire des savoirs et des expertises sur le rôle structurant des processus d’information et de communication et des formes de médiation, en portant une attention toute particulière aux changements sociaux, culturels, médiatiques et technologiques qui affectent le monde contemporain. L’équipe dispose d’une expertise reconnue dans plusieurs domaines :

* **L'analyse de la diffusion de l'information et de la communication** dans les organisations privées et publiques, ainsi que dans les espaces médiatiques, urbains, culturels ou de consommation : phénomènes de rumeur et de circulation des informations, processus de surveillance, liens entre littérature et journalisme, numérisation des pratiques de travail, hybridation entre logiques marchandes et culturelles, logiques réputationnelles, etc.
* **L’analyse des dispositifs de médiation et de médiatisation** (journaux, livres, publicités et marques, vidéos en ligne, guides touristiques, parcours dans les musées, expositions patrimoniales ou encore parcs d’attraction), et des pratiques des “publics”, “usagers”, ou “individus” vis-à-vis de ces dispositifs.
* **L’étude des nouvelles technologies médiatiques**, et de leurs effets sur les pratiques, les représentations et les identités des acteurs dans des contextes professionnels divers (journalisme, champ politique, agence de communication, management, activité scientifique, etc.) ou dans la sphère personnelle : renouvellement des écritures médiatiques, ludification des rapports sociaux, ou au contraire intensification des relations d’antagonisme, transformation des identités par les réseaux sociaux numériques, phénomène de nostalgie via les images et les objets marchands, évolutions des identités de genre, fabrique de nouveaux espaces politiques, etc.

Les thématiques de l’équipe évoluent afin d’accompagner les enjeux contemporains et les problèmes publics qui surgissent, en donnant une place croissante à certaines questions comme celles relatives au genre, à l'environnement et au vivant, ou aux discours radicaux.

## Une approche interdisciplinaire, un pluralisme méthodologique, une attention aux questions épistémologiques

Le GRIPIC promeut les approches interdisciplinaires pour analyser les objets sociaux, leurs circulations, leur historicité, leurs médiations concrètes, et leurs dimensions à la fois technique, culturelle et politique. L’unité cherche à valoriser les différentes sensibilités scientifiques de ses membres, et leurs liens à d’autres disciplines telles que la sociologie, les lettres, l'histoire, l’anthropologie ou encore les sciences politiques, à travers notamment l'organisation et la participation à des projets de recherche interdisciplinaires.

De même, le GRIPIC valorise le choix de méthodologies variées pour analyser les dispositifs, la vie des signes, les pratiques des acteurs et les représentations qui structurent les processus de communication : analyse sémiotique de corpus, enquête de terrain ou encore analyse de contenus. Une attention particulière est donnée depuis plusieurs années aux méthodologies liées à l’analyse de corpus numériques, avec notamment la création du Centre d'expérimentation en méthodes numériques pour les recherches en Sciences humaines et sociales (CERES, unité de service de Sorbonne Université). La démarche d'analyse est toujours accompagnée par une approche réflexive qui met en perspective la pratique de recherche elle-même. Il s'agit ainsi de contribuer à la réflexion sur les enjeux épistémologiques en sciences de l'information et de la communication et sur les liens avec les disciplines voisines. Les travaux de recherche des étudiants et des étudiantes du CELSA contribuent enfin aux réflexions menées par l’équipe."



Axes de recherche;0;cards;"# Thématiques de recherche

## Les axes de recherches du GRIPIC

Les chercheurs et chercheuses du GRIPIC s'intéressent aux rôles que jouent les processus d'information et de communication dans la vie sociale, dans le monde marchand et culturel, dans les médias et l'espace politique. Ils étudient les lignes de force et les métamorphoses des pratiques d'information et de communication en s'appuyant sur le savoir-faire du CELSA dans ces domaines. Ils ont choisi de fédérer leurs travaux autour de quatre axes de recherche.

### Savoirs, culture, patrimoines

Au sein de cet axe, les recherches portent sur les pratiques culturelles, les institutions culturelles et patrimoniales, la gastronomie, les industries culturelles et créatives (cinéma, édition…).

### Médiations marchandes, organisations

Au sein de cet axe, les recherches portent sur la marque, la publicité, la dépublicitarisation, le marketing, la communication des organisations (entreprises, institutions publiques, associations), le management, la communication de crise, la communication stratégique, le conseil en ressources humaines, la RSE, la stratégie et le management des médias.

### Journalisme, écritures médiatiques et numériques

L’axe de recherche « Journalisme, écritures médiatiques et numériques » réunit des travaux consacrés aux métiers, pratiques et enjeux du journalisme , à l'analyse des médias (TV, radio, presse) et du numérique (médias numériques, réseaux sociaux numérique, intelligence artificielle), à la communication et la transition environnementale, l'emballement, la controverse, les fake news, les rumeurs, le conspirationnisme, les théories de la surveillance, l'IA et journalisme, les réseaux sociaux numériques.

### Espace public, politique, genre

Cet axe de recherche porte sur les controverses médiatiques, la communication publique, la communication politique (française et européenne), les études sur le genre.

### Enjeux de communication et relations de travail

Cette ancienne thématique de recherche n'est plus développée au sein du GRIPIC mais les publications liées à cette thématique restent disponibles."