Title;Photo;Description;URL
Activités internationales du GRIPIC;international.webp;"## Accueil de chercheurs et de chercheuses

Le GRIPIC inscrit ses activités dans le cadre d’échanges internationaux permanents, en accueillant des chercheurs et chercheuses étrangers, et en favorisant des séjours de ses membres dans des universités étrangères :

- **Accueil de chercheurs invités et chercheuses invitées**
- **Accueil de chercheurs et chercheuses du programme PAUSE**, notamment de Turquie (Programme national d'aide à l'Accueil en Urgence des Scientifiques et des artistes en Exil, créé en 2017)
- **Accueil de doctorants et doctorantes en résidence**
- **Inscription d’étudiants et d'étudiantes étrangers en thèse**

## Séjours courts à l’étranger

Le GRIPIC finance chaque année les missions à l’étranger de ses membres, pour des colloques, des séminaires ou des journées d’études. Ces séjours permettent de faire vivre les collectifs et programmes de recherche internationaux dans lesquels nos membres sont engagés, et d’en développer de nouveaux.

## Séjours longs à l’étranger

Le GRIPIC encourage et finance les séjours dans des universités étrangères des membres du GRIPIC en tant que chercheuses et chercheurs invités, quand les sources de financement bilatérales ne suffisent pas.

## Co-tutelles de thèse

Le GRIPIC fait la promotion et accompagne les doctorants et doctorantes dans l’établissement de coopérations institutionnelles. La co-tutelle permet de s’insérer dans le milieu professionnel des deux pays, et d’obtenir – avec une même thèse – deux diplômes qui éviteront les procédures d’équivalence.

## Traductions

Le GRIPIC consacre chaque année des subventions pour traduire les travaux de ses membres et faciliter leur publication dans les revues internationales. À l’inverse, certains membres du laboratoire prennent en charge la traduction de textes étrangers.";
What about us?;qui-sommes-nous.webp;"## Presentation

The Interdisciplinary Research Group on Information and Communication Processes (Groupe de recherches interdisciplinaires sur les processus d'information et de communication, GRIPIC, UR1498) is an autonomous research unit specializing in communication studies.

Housed at Sorbonne University’s School of Advanced Studies in Information and Communication Sciences (CELSA), the group brings together about one hundred researchers including permanent members (professors and doctoral students) and associates from other institutions.

GRIPIC’s multifaceted and multidisciplinary research revolves around the core idea that communication processes are structured and structuring, and that these processes must be analyzed in their social, semiotic, historical and political dimensions. In addition, GRIPIC is dedicated to training young scholars from Sorbonne University’s 'Concepts and languages' doctoral school ([ED433](https://lettres.sorbonne-universite.fr/ecoles-doctorales/concepts-et-langages)).

## Research and Collaboration

GRIPIC members work within the frameworks of individual and collective research, research contracts, and studies with public or private institutional partners. While members are committed to Sorbonne University institutes and networks, they also collaborate with colleagues from other disciplines. They regularly participate in international and interdisciplinary colloquia and engage in academic exchanges with their peers. Through their publications and their partnerships with journals and publishing houses, they actively contribute to the advancement of information and communication sciences. Through interviews, social networks, and other links with the media, they raise the visibility of scholarly research and help advance the pursuit of science.

Members of GRIPIC participate in regular meetings throughout the year. These sessions include a seminar (known as 'Le grand séminaire') where members present their work, as well as thematic seminars led by members. Another series provides doctoral students the opportunity to present their work. There are also 'gripicales,' small workshops devoted to training members in the role of teacher-researcher.

A major center for communication research, GRIPIC is part of the network of forty French members of the Permanent Conference of Laboratory Directions in Information and Communication Sciences (Conférence permanente des directions de laboratoires en Sciences de l’information et de la communication, CPDirSIC, [http://cpdirsic.fr](http://cpdirsic.fr)).

<div style='background-color: #fcae00; color: #333; padding: 25px 30px; border-radius: 4px; margin-top: 30px;'><h3 style='color: #fff; margin-top: 0; font-weight: bold; text-transform: uppercase;'>THE GRIPIC IN A FEW DATES</h3><p><strong>1965.</strong> — Creation of the Centre d'études littéraires et scientifiques appliquées (CELSA)</p><p><strong>1968.</strong> — Opening of postgraduate training at CELSA</p><p><strong>1975.</strong> — Ministerial agreement for CELSA to award doctorates in communication studies</p><p><strong>1991.</strong> — The research center is labeled 'place of reception' (équipe d’accueil) by the French Ministry of Higher Education, Research and Sports</p><p><strong>1999.</strong> — Creation of GRIPIC, headed by Jean-Baptiste Carpentier</p><p><strong>2000-2007.</strong> — Yves Jeanneret (director)</p><p><strong>2007-2012.</strong> — Emmanuël Souchier (director)</p><p><strong>2013-2014.</strong> — Karine Berthelot-Guiet and Adeline Wrona (co-directors)</p><p><strong>2014-2018.</strong> — Adeline Wrona and Pauline Escande Gauquié (director and deputy director)</p><p><strong>2019-2021.</strong> — Joëlle Le Marec, Sophie Corbillé and Julien Tassel (director and deputy directors)</p><p><strong>2021.</strong> — Sophie Corbillé and Julien Tassel (co-directors)</p><p><strong>2022.</strong> — Pascal Froissart and Sophie Corbillé (director and deputy director)</p></div>";
¿Y nosotros?;pexels-pixabay-268460.webp;"## Presentación

El Grupo de Investigación Interdisciplinar en Procesos de la Información y la Comunicación (Groupe de recherches interdisciplinaires sur les processus d'information et de communication, GRIPIC, UR1498) es una unidad de investigación autónoma especializada en ciencias de la información y la comunicación. Mantiene estrechos vínculos con CELSA, la Escuela de Estudios Avanzados en Ciencias de la Información y la Comunicación de la Universidad de la Sorbona, acogiendo a sus docentes-investigadores.

GRIPIC reúne en la actualidad a un centenar de investigadores: permanentes (docentes-investigadores y doctorandos), o asociados (miembros de otras instituciones). En el seno de las ciencias de la información y la comunicación (sección 71 del Consejo Nacional de Universidades), la unidad federa investigaciones en torno a la idea de que los procesos de comunicación se estructuran y estructuran, y que deben ser analizados en sus aspectos sociales, semióticos, históricos y políticos. Su objetivo es también formar a jóvenes investigadores de la escuela de doctorado 'Conceptos y lenguajes' de la Sorbona ([ED433](https://lettres.sorbonne-universite.fr/ecoles-doctorales/concepts-et-langages)), que emprenden su doctorado en ciencias de la información y la comunicación.

## Investigación y Colaboración

Los miembros del GRIPIC trabajan en el marco de investigaciones individuales y colectivas, contratos de investigación o estudios con socios institucionales públicos o privados. Comprometidos con los institutos y redes de la Universidad de la Sorbona, desarrollan trabajo con colegas de otras disciplinas. Participan regularmente en coloquios internacionales e interdisciplinarios, y confrontan sus puntos de vista con sus pares. A través de sus publicaciones y sus alianzas con revistas y editoriales, contribuyen activamente al avance de las ciencias de la información y la comunicación. A través de sus vínculos con los medios de comunicación (entrevistas, redes sociales, etc.), también despiertan el interés por la investigación académica y participan en la mediación de la ciencia.

La vida del equipo se organiza finalmente en torno a diversos encuentros a lo largo del año: las sesiones del seminario GRIPIC (conocido como 'el seminario mayor'); los seminarios temáticos dirigidos por sus miembros; los seminarios de doctorado dedicados a las presentaciones de trabajos de doctorandos; y los 'gripicales', pequeños talleres dedicados a la formación en el oficio de docente-investigador.

Importante centro de investigación en comunicación, GRIPIC forma parte de la red de cuarenta miembros franceses de la Conferencia Permanente de Gestión de Laboratorios de Ciencias de la Información y la Comunicación (Conférence permanente des directions de laboratoires en Sciences de l’information et de la communication, CPDirSIC, [http://cpdirSIC.fr](http://cpdirSIC.fr)).

<div style='background-color: #fcae00; color: #333; padding: 25px 30px; border-radius: 4px; margin-top: 30px;'><h3 style='color: #fff; margin-top: 0; font-weight: bold; text-transform: uppercase;'>GRIPIC EN UNAS FECHAS</h3><p><strong>1965.</strong> — Creación de un centro de estudios e investigación en el CELSA</p><p><strong>1968.</strong> — Obertura de una formación de 3e ciclo en el CELSA</p><p><strong>1975.</strong> — Autorización de CELSA para otorgar doctorados en ciencias de la información y la comunicación</p><p><strong>1991.</strong> — El centro de investigación es calificado como 'équipe d’accueil' por el Ministerio de Educación Superior, Investigación y Deporte</p><p><strong>1999.</strong> — Creación del GRIPIC, dirigido por Jean-Baptiste Carpentier</p><p><strong>2000-2007.</strong> — Yves Jeanneret (director)</p><p><strong>2007-2012.</strong> — Emmanuël Souchier (director)</p><p><strong>2013-2014.</strong> — Karine Berthelot-Guiet y Adeline Wrona (codirectoras)</p><p><strong>2014-2018.</strong> — Adeline Wrona y Pauline Escande-Gauquié (directora y directora adjunta)</p><p><strong>2019-2021.</strong> — Joëlle Le Marec, Sophie Corbillé y Julien Tassel (directora, directora adjunta y director adjunto)</p><p><strong>2021.</strong> — Sophie Corbillé y Julien Tassel (codirectora y codirector)</p><p><strong>2022.</strong> — Pascal Froissart y Sophie Corbillé (director y directora adjunta)</p></div>";
