Order;Prénom et Nom;Fonction;Axes de recherche;Axes de recherche2;Axes de recherche3;Photo
1;Nelly QUEMENER;Professeur·e des universités;Espaces publics, politique genre ;;;https://kit-117.sorbonne-universite.fr/sites/default/files/styles/large/public/media/2022-12/Nelly%20Quemener-min.jpg?itok=0Fn8FMU2
2;Olivier Aïm;Maître·sse de conférences;;Oui;;https://kit-117.sorbonne-universite.fr/sites/default/files/styles/large/public/media/2025-04/olivier_aim_web.jpg?itok=lbv15HVi
3;Karine Berthelot-Guiet;Professeure des universités;;;;https://kit-117.sorbonne-universite.fr/sites/default/files/styles/large/public/media/2022-12/Karine%20Berthelot-Guiet.jpg?itok=rBSEUNYE
4;Lisa Bolz;;;;;https://kit-117.sorbonne-universite.fr/sites/default/files/styles/large/public/media/2025-04/lisa-bolz_web.jpg?itok=OW7hWRAk
5;Françoise Boursin;Professeur des universités;;;;
6;Juliette Charbonneaux;Maître de conférences;;;;https://kit-117.sorbonne-universite.fr/sites/default/files/styles/large/public/media/2025-04/juliette_charbonneaux_web.jpg?itok=gONRRrth
7;Jacqueline Chervin;Maître de conférences;;Oui;;
8;Sophie Corbillé;Professeure des universités;;Oui;;https://kit-117.sorbonne-universite.fr/sites/default/files/styles/large/public/media/2025-04/sophie_corbille_web.jpg?itok=TKpabJeh
9;Nicole D'Almeida;Professeur des universités, Professeur délégué E MBA Paris-Sorbonne Celsa;;;;https://kit-117.sorbonne-universite.fr/sites/default/files/styles/large/public/media/2025-04/nicole_dalmeida.jpg?itok=DjK1g3th
10;Hervé Demailly;Maître de conférences;;;;
11;Oriane Deseilligny;Maître de conférences ;;Oui;;
12;Thierry Devars;Maître de conférences;;Oui;;https://kit-117.sorbonne-universite.fr/sites/default/files/styles/large/public/media/2025-04/thierry_devars_web.jpg?itok=MGVsWHCA
13;Pauline Escande-Gauquié;Maître de conférences;;Oui;;https://kit-117.sorbonne-universite.fr/sites/default/files/styles/large/public/media/2025-04/pauline-escande-gauquie.jpg?itok=z1olcPhq
14;Emmanuelle Fantin;Maîtresse de conférences;;Oui;;https://kit-117.sorbonne-universite.fr/sites/default/files/styles/large/public/media/2025-06/emmanuelle-fantin2_web.jpg?itok=1scYh_pK
15;Pascaline Faure;Maître de Conférences HDR;;;;https://kit-117.sorbonne-universite.fr/sites/default/files/styles/large/public/media/2025-04/identite-pascaline-faure-2019.jpg?itok=K7mqvODp
16;Olivia Foli;Maîtresse de conférences;;Oui;;https://kit-117.sorbonne-universite.fr/sites/default/files/styles/large/public/media/2025-04/olivia_foli.jpg?itok=Tuy6pZFG
17;Pascal Froissart;Professeur des universités;;Oui;;https://kit-117.sorbonne-universite.fr/sites/default/files/styles/large/public/media/2025-04/pascal_froissart_web.jpg?itok=JxXUJE2l
18;Valérie Jeanne-Perrier;Professeur des universités;;;;https://kit-117.sorbonne-universite.fr/sites/default/files/styles/large/public/media/2025-04/valerie_jeanne-perrier_web.jpg?itok=Esk7YMUv
19;Virginie Julliard;Professeure des Universités;;;;https://kit-117.sorbonne-universite.fr/sites/default/files/styles/large/public/media/2022-12/Virgine%20Julliard-min.jpg?itok=desyj9jf
20;Rym Kyreche;;;;;
21;Isabelle Le Breton- Falézan;Maître de conférences;;;;https://kit-117.sorbonne-universite.fr/sites/default/files/styles/large/public/media/2022-12/Isabelle%20Lebreton-min_0.jpg?itok=_YnPxTXs
22;"Caroline Marti (anciennes publications "" de Montety "" )";Professeure des universités en Sciences de l'Information et de la Communication;;Oui;;https://kit-117.sorbonne-universite.fr/sites/default/files/styles/large/public/media/2025-04/caroline_marti_web.jpg?itok=DP6s1GQr
23;Bruno Ollivier;Professeur des universités;;Oui;;
24;Dominique Pagès;Maître de conférences;;Oui;;
25;Valérie Patrin-Leclère;Maître de conférences;;Oui;;https://kit-117.sorbonne-universite.fr/sites/default/files/styles/large/public/media/2025-04/valerie_patrin-leclere_web_0.jpg?itok=KVNHelmH
26;Laurent Petit;Professeur des universités;;Oui;;
27;Véronique Richard;Professeur des universités;;;;https://kit-117.sorbonne-universite.fr/sites/default/files/styles/large/public/media/2022-09/V%C3%A9ronique%20Richard-2.jpg?itok=13fanSfK
28;Camille Rondot;Maîtresse de conférences en SIC;;Oui;;https://kit-117.sorbonne-universite.fr/sites/default/files/styles/large/public/media/2025-04/camille_rondot_web_0.jpg?itok=IR2eb1_S
29;Denis Ruellan;Professeur des universités;;;;
30;Emmanuël Souchier;Professeur des universités;;;;https://kit-117.sorbonne-universite.fr/sites/default/files/styles/large/public/media/2025-04/emmanuel_souchier_web.jpg?itok=X1OFtvn5
31;Julien Tassel;Maître de conférences;;Oui;;https://kit-117.sorbonne-universite.fr/sites/default/files/styles/large/public/media/2025-04/julien_tassel_web.jpg?itok=BWSblHnl
32;Hécate Vergopoulos;Maître de conférences;;Oui;;https://kit-117.sorbonne-universite.fr/sites/default/files/styles/large/public/media/2022-12/Hecate%20Vergopoulos.jpg?itok=qydoCHhT
33;Adeline Wrona;Professeure des universités;;Oui;;https://kit-117.sorbonne-universite.fr/sites/default/files/styles/large/public/media/2022-12/Adeline%20Wrona-min.jpg?itok=zUB5vtYp
34;Francis Yaiche;Professeur des universités;;Oui;;https://kit-117.sorbonne-universite.fr/sites/default/files/styles/large/public/media/2025-04/francis-yaiche.jpg?itok=zmz2HoWU
35;Ambre Abid-Dalençon;;;Oui;;
36;Camille Brachet;Maîtresse de conférences;;;;
37;Anneliese Depoux;Docteur en Sciences de l'information et de la communication;;Oui;;
38;Maxime Fabre;;;Oui;;https://kit-117.sorbonne-universite.fr/sites/default/files/styles/large/public/media/2022-09/Maxime%20Fabre.jpg?itok=r_LTmwvU
39;Ronan German;Docteur en sciences de l'information et de la communication;;Oui;;
40;Pergia Gkouskou;Maître de conférences en sciences de l'information et de la communication;;Oui;;
41;Samuel Goyet;Docteur en sciences de l'information et de la communication;;Oui;;
42;Pierre-Carl Langlais;Docteur en sciences de l'information et de la communication;;;;
43;Alexis Lévrier;Maître de conférences;;;;https://kit-117.sorbonne-universite.fr/sites/default/files/styles/large/public/media/2025-04/alexislevrier.jpg?itok=TXSWknKW
44;Florian Malaterre;Docteur en sciences de l'information et de la communication;;;;
45;Bérénice Mariau;;;;;https://kit-117.sorbonne-universite.fr/sites/default/files/styles/large/public/media/2022-09/B%C3%A9r%C3%A9nice%20Mariau.jpg?itok=qbI3dUWw
46;Marion Mauger-Parat;Docteure en sciences du langage;;Oui;;
47;Marion Rollandin;Docteur en Sciences de l'Information et de la Communication;;Oui;;
48;Emeline Seignobos;Docteur en sciences de l'information et de la communication;;;;
49;Elsa Tadier;Docteur en sciences de l'information et de la communication;;;;
50;Koceila Amer;;;;;
51;John Augeri;;;Oui;;
52;Laura Avadar;;;;;
53;Mariana Ayres Tavares;;;;;
54;Sophie BONNAUD-LE ROUX;;;Oui;;
55;Idil Basural;;;Oui;;
56;Margot Besnier;;;;;
57;Johan Boittiaux;;;Oui;;
58;Antoine Bonino;;;Oui;;
59;Pauline Brouard;;;Oui;;
60;Emmanuelle Bruneel;;;Oui;;
61;Vitaly Buduchev;;;Oui;;
62;Pascal Bue;;;Oui;;
63;Johanna Cappi;;;Oui;;
64;Pauline Chasseray-Peraldi;;;Oui;;
65;Clotilde Chevet;;;Oui;;https://kit-117.sorbonne-universite.fr/sites/default/files/styles/large/public/media/2022-09/CHEVET_photo.png?itok=8c-8afAH
66;Farah Clémentine Dramani-Issifou;;;Oui;;
67;C. Brice Angelo Dan;;;;;
68;Judith Dehail;;;Oui;;
69;Youssef Ennahi;;;;;
70;Maud Fontaine;;;Oui;;
71;Inès Garmon;;;;;
72;Thomas Grignon;;;Oui;;https://kit-117.sorbonne-universite.fr/sites/default/files/styles/large/public/media/2025-04/thomas_grignon.jpg?itok=-cv7toOV
73;Pierre-Yves Halin;;;Oui;;https://kit-117.sorbonne-universite.fr/sites/default/files/styles/large/public/media/2022-09/Photo%20CV.jpg?itok=cyeHQL9h
74;Sarah Kitar;;;Oui;;
75;Junghwan Lee;;;;;
76;Jeremy Lucas-Boursier;;;;;
77;Ugo Moret;;;;;
78;Talía Olvera Martinez;;;;;
79;Matthieu Parelon;;;Oui;;
80;Suzanne Penin;;;;;
81;Eloïsa Perez;;;;;
82;Cassio Queiroz Magalhaes Campos;;;Oui;;
83;Katia Raya;;;Oui;;https://kit-117.sorbonne-universite.fr/sites/default/files/styles/large/public/media/2025-04/katia_raya.jpg?itok=bNxjaqae
84;Lucie Raymond;;;;;
85;Anita Saleh Bolourdi;;;Oui;;
86;Laurence Salvator;;;Oui;;
87;Charles Sarraute;;;;;
88;Greta Travagliati;;;;;
89;Mathilde Vassor;;;Oui;;
90;Laura Verquere;;;Oui;;https://kit-117.sorbonne-universite.fr/sites/default/files/styles/large/public/media/2025-04/lauraverquere.jpg?itok=9qEasCPX
91;Yuwen ZHANG;;;Oui;;https://kit-117.sorbonne-universite.fr/sites/default/files/styles/large/public/media/2025-04/yuwen_zhang_web.jpg?itok=sWrOPBbJ
92;Myrna Zougheib Rabbat;;;Oui;;
